# Domain redirects
http://grantsanderson.com/* https://www.3blue1brown.com/:splat 301!
https://grantsanderson.com/* https://www.3blue1brown.com/:splat 301!
http://www.grantsanderson.com/* https://www.3blue1brown.com/:splat 301!
https://www.grantsanderson.com/* https://www.3blue1brown.com/:splat 301!

http://grantsanderson.net/* https://www.3blue1brown.com/:splat 301!
https://grantsanderson.net/* https://www.3blue1brown.com/:splat 301!
http://www.grantsanderson.net/* https://www.3blue1brown.com/:splat 301!
https://www.grantsanderson.net/* https://www.3blue1brown.com/:splat 301!

http://grantsanderson.org/* https://www.3blue1brown.com/:splat 301!
https://grantsanderson.org/* https://www.3blue1brown.com/:splat 301!
http://www.grantsanderson.org/* https://www.3blue1brown.com/:splat 301!
https://www.grantsanderson.org/* https://www.3blue1brown.com/:splat 301!

http://3b1b.co/* https://www.3blue1brown.com/:splat 301!
https://3b1b.co/* https://www.3blue1brown.com/:splat 301!
http://www.3b1b.co/* https://www.3blue1brown.com/:splat 301!
https://www.3b1b.co/* https://www.3blue1brown.com/:splat 301!

http://3b1b.org/* https://www.3blue1brown.com/:splat 301!
https://3b1b.org/* https://www.3blue1brown.com/:splat 301!
http://www.3b1b.org/* https://www.3blue1brown.com/:splat 301!
https://www.3b1b.org/* https://www.3blue1brown.com/:splat 301!

http://3blue1brown.org/* https://www.3blue1brown.com/:splat 301!
https://3blue1brown.org/* https://www.3blue1brown.com/:splat 301!
http://www.3blue1brown.org/* https://www.3blue1brown.com/:splat 301!
https://www.3blue1brown.org/* https://www.3blue1brown.com/:splat 301!


# External redirects
/videos                          https://www.youtube.com/3blue1brown
/support                         https://www.patreon.com/3blue1brown
/recommended                     https://www.youtube.com/playlist?list=PLZHQObOWTQDN52m7Y21ePrTbvXkPaWVSg
/store                           https://store.dftba.com/collections/3blue1brown
/live                            /
/aops-3b1b                       https://artofproblemsolving.com/3b1b
/plushie                         https://store.dftba.com/products/tall-3blue1brown-pi-plushie
/janestreet                      https://www.janestreet.com/join-jane-street/?utm_source=3b1b&utm_medium=youtube&utm_campaign=3b1b&utm_content=puzzle
/questions                       https://www.reddit.com/r/3Blue1Brown/comments/8u47q5/220_qa/
/protocollabs                    https://protocol.ai/
/remix                           https://www.remix.com/
/subscribe                       https://www.youtube.com/c/3blue1brown?sub_confirmation=1
/brilliant                       https://brilliant.org/?utm_medium=sponsor&utm_source=youtube&utm_campaign=3blue1brown_180518
/aops                            https://artofproblemsolving.com/3blue1brown
/quiz                            /
/quaternion-explorable           https://eater.net/quaternions


# Internal redirects
/home                                           /
/some1                                          /blog/some1
/SoME1                                          /blog/some1
/some1-results                                  /blog/some1-results
/SoME1-results                                  /blog/some1-results
/contact                                        /faq
/recommendations                                /blog/recommendations
/poems                                          /blog/poems
/poems/2015/7/10/mosers-circle-problem          /blog/poems#mosers-circle-problem
/poems/2015/7/10/primes                         /blog/poems#primes
/poems/2015/4/27/all-numbers-are-interesting    /blog/poems#all-numbers-are-interesting
/poems/2015/3/21/invention-vs-discovery         /blog/poems#invention-vs-discovery
/poems/2015/3/13/2pi                            /blog/poems#2π
/poems/2015/3/8/1-11-1                          /blog/poems#1-11-1
/poems/2015/3/8/defining-math                   /blog/poems#defining-math
/poems/epii                                     /blog/poems#eulers-formula
/poems/ode-to-infinity                          /blog/poems#ode-to-infinity
/poems/2015/3/3/groups                          /blog/poems#groups
/poems/2015/3/3/abstraction                     /blog/poems#abstraction
/lessons                                        /#lessons
/ask                                            /contact
/video                                          /#lessons


# Topic redirects
/essence-of-linear-algebra       /topics/linear-algebra
/essence-of-linear-algebra-page  /topics/linear-algebra
/eola                            /topics/linear-algebra
/neural-networks                 /topics/neural-networks
/nn                              /topics/neural-networks
/calculus                        /topics/calculus
/eoc                             /topics/calculus


# Thanks pages
/quick-eigen-thanks              /lessons/quick-eigen#thanks
/mat-exp-thanks                  /lessons/matrix-exponents#thanks
/bayes-factor-thanks             /lessons/better-bayes#thanks
/hamming-thanks                  /lessons/hamming-codes#thanks
/monster-thanks                  /lessons/groups-and-monsters#thanks
/chess-thanks                    /lessons/chessboard-puzzle#thanks
/ctracing-thanks                 /lessons/dp3t#thanks
/ldm-thanks                      /lessons/ldm-quadratic#thanks
/pdf-thanks                      /lessons/pdfs#thanks
/sir-thanks                      /lessons/epidemic-simulations#thanks
/beta1-thanks                    /lessons/binomial-distributions#thanks
/covid-thanks                    /lessons/exponential-and-epidemics#thanks
/bayes-thanks                    /lessons/bayes-theorem-quick#thanks
/spiral-thanks                   /lessons/prime-spirals#thanks
/windmill-thanks                 /lessons/windmills#thanks
/de4-thanks                      /lessons/fourier-series#thanks
/de3-thanks                      /lessons/heat-equation#thanks
/de2-thanks                      /lessons/pdes#thanks
/de1-thanks                      /lessons/differential-equations#thanks
/clacks-thanks                   /lessons/clacks#thanks
/sphere-thanks                   /lessons/sphere-area#thanks
/turbulence-thanks               /lessons/turbulence#thanks
/quaternion-explorable-thanks    /lessons/quaternions-and-3d-rotation#thanks
/quaternion-thanks               /lessons/quaternions#thanks
/dandelin-thanks                 /lessons/dandelin-spheres#thanks
/divcurl-thanks                  /lessons/divergence-and-curl#thanks
/alt-calc-thanks                 /lessons/derivatives-and-transforms#thanks
/cramer-thanks                   /lessons/cramers-rule#thanks
/wallis-thanks                   /lessons/wallis-product#thanks
/winding-thanks                  /lessons/winding-numbers#thanks
/basel-thanks                    /lessons/basel-problem#thanks
/uncertainty-thanks              /lessons/uncertainty-principle#thanks
/fourier-thanks                  /lessons/fourier-transforms#thanks
/mug-thanks                      /lessons/three-utilities#thanks
/nn3-thanks                      /lessons/backpropagation#thanks
/high-d-thanks                   /lessons/higher-dimensions#thanks
/btc-thanks                      /lessons/bitcoin#thanks
/triples-thanks                  /lessons/pythagorean-triples#thanks
/leibniz-thanks                  /lessons/leibniz-formula#thanks
/zeta-thanks                     /lessons/zeta#thanks
/topology-thanks                 /lessons/inscribed-rectangle-problem#thanks
